"tweet_id","in_reply_to_status_id","in_reply_to_user_id","timestamp","source","text","retweeted_status_id","retweeted_status_user_id","retweeted_status_timestamp","expanded_urls"
"","","","","","Can I ask you something?","","","",""
"","","","","","When you found me collapsed and without memory, why did you take me in?","","","",""
"","","","","","That's it? Pity was your reason?","","","",""
"","","","","","Did you never stop to consider if it was some kind of trap?","","","",""
"","","","","","But why didn't --","","","",""
"","","","","","No, of course not. I'm thankful for what you did, I truly am. But it scares me all the same. Chivalry and longevity don't often go hand in hand.","","","",""
"","","","","","I can only offer advice, I'm afraid. You really should be more careful in the future.","","","",""
"","","","","","But--","","","",""
"","","","","","I... I understand. If that is your decision, then so be it. Just do try and be careful. For my peace of mind, if not your own?","","","",""
"","","","","","Are you all right?!","","","",""
"","","","","","I heard you were attacked behind the mess tent!","","","",""
"","","","","","You challenged him alone?!","","","",""
"","","","","","By the gods! Please, I beg you, do not take any more of these foolish risks.","","","",""
"","","","","","I don't fear anyone besting you head-on; I fear you being stabbed in the back! Many of our enemies do not share your sense of honor.","","","",""
"","","","","","Shall I list every hero who said that before being poisoned, sniped, or snared?","","","",""
"","","","","","You're our COMMANDER, Chrom... Battlefield victories mean nothing if an army loses its leader. You are no longer simply your own man. You stand for all of us.","","","",""
"","","","","","I hear you've been going on patrol with the couple of the men.","","","",""
"","","","","","...You know what I'm going to say, don't you?","","","",""
"","","","","","But if you know this, then why --","","","",""
"","","","","","So why not send your men to search for these hapless innocents?!","","","",""
"","","","","","Becauuuse...?","","","",""
"","","","","","...Probably not.","","","",""
"","","","","","Bonds? Between who?","","","",""
"","","","","","It's hard to argue when you use me as your example. But at least let me come with you.","","","",""
"","","","","","...Zzz...","","","",""
"","","","","","Snnrk! Zzzzzzz...","","","",""
"","","","","","Nh...gnnkh...nnrrrgh...! BWARGH! Wha--?! Risen! Wolves! Risen riding wolves! They're...all... Wait a moment...","","","",""
"","","","","","Gods bless it... I was fast asleep!","","","",""
"","","","","","Who does such things? Is that really how your parents raised you?!","","","",""
"","","","","","Oh... Oh, right. That was... Er...","","","",""
"","","","","","Whatever it is, I'm sure I can forget it if you can forgive my heartless comment...","","","",""
"","","","","","WHAT?! But that was a rare text! I had just started to... ...Er, *ahem* I mean... It's... It's fine. Accidents...happen.","","","",""
"","","","","","Phew! I am beat...","","","",""
"","","","","","...What are you plotting now?","","","",""
"","","","","","How do you figure?","","","",""
"","","","","","You...think so?","","","",""
"","","","","","Well, that is nice to hear...","","","",""
"","","","","","Okay, I accept! I accept! ...Thanks.","","","",""
"","","","","","...Aaaaaah, yes, right there... Oooh, that feels amazing...","","","",""
"","","","","","WhaAAAAGH! Cold! Cold and slimy and coooooold! AUGH! IT MOVED! WHAT DID YOU DO? WHAT IN BLAZES WAS THAT?!","","","",""
"","","","","","I'm pretty sure it did NOT! And weren't you just saying yesterday that frogs make you 'all pukey'?","","","",""
"","","","","","Well, that makes one of us!","","","",""
"","","","","","Get away from me, she-devil!","","","",""
"","","","","","Ha! Fool me once, shame on you. Fool me twice...don't talk to me again.","","","",""
"","","","","","Of course I'm mad! You dumped a toad down my collar.","","","",""
"","","","","","I'm pretty sure I don't care!","","","",""
"","","","","","...You're really sorry?","","","",""
"","","","","","And you SWEAR you won't do it again?","","","",""
"","","","","","...Well...all right. In that case I suppose I can forgive you... Let's just shake hands and put this silliness behind us.","","","",""
"","","","","","A snake? Oh, no. I'm pretty sure this is a worm. ...Gotcha!","","","",""
"","","","","","Uh huh... Why don't you show me what's in YOUR hand, then.","","","",""
"","","","","","...Sorry, you were saying something about hypocrites?","","","",""
"","","","","","I'd have to be blind not to at this point.","","","",""
"","","","","","And next time I'll seriously stop talking to you.","","","",""
"","","","","","Till you grow up?","","","",""
"","","","","","*Groooaaan*","","","",""
"","","","","","All those pranks, and you're still bored?","","","",""
"","","","","","I do a rubbery thing with my face?","","","",""
"","","","","","*Sigh* All right. I give you permission to prank me again. I won't hate you for it, I promise.","","","",""
"","","","","","BUT! On one condition... You have to open this box first.","","","",""
"","","","","","...Perhaps. It's up to you. I'm not forcing you.","","","",""
"","","","","","I...I love you. I love your loyalty, I love your candor, I love your spirit... Gods bless me, I think I even love your pranks!","","","",""
"","","","","","So...what do you say? Will you be my wife?","","","",""
"","","","","","Are you crying?! Don't cry! I'm sorry! You can say no; it won't hurt my feelings!","","","",""
"","","","","","What?! Really? ...Since when?","","","",""
"","","","","","Lissa, you could have talked to me about anything, anytime... I can't believe I never noticed...","","","",""
"","","","","","...I thought the pranks were just to get my attention. And if we're getting married, I'd say you got my attention. Sooo...","","","",""
"","","","","","What?! Hey! I'm not sure I... Ah, well. If that's what it takes to make you happy...then so be it. Just go easy.","","","",""
"","","","","","We won't have all the time in the world together if I die of a heart attack.","","","",""
"","","","","","Ready!","","","",""
"","","","","","*Huff, huff* Th-thanks... I feel like...I've got the basics *huff* down now... But... S-so tired... *huff* I think I'm dying...","","","",""
"","","","","","I suppose...but I'm exhausted nonetheless... But you... You've hardly broken a sweat?","","","",""
"","","","","","Well, I'm impressed. You must train hard to build such endurance.","","","",""
"","","","","","So that's why... I always thought it was just a fixation with pebble collecting...","","","",""
"","","","","","Er, nothing important! But I owe you for this training session, so let me help you with tomorrow's fire.","","","",""
"","","","","","It'll be a snap with my magic. Find a tree, hit it with a lightning bolt, and presto!","","","",""
"","","","","","Oh! Well, yes, I suppose that...could happen... In any case, I do still owe you a favor.","","","",""
"","","","","","Whatever you like -- name it and it's yours. You needn't decide today, of course.","","","",""
"","","","","","Think it over for the next time we meet.","","","",""
"","","","","","The favor? Oh, good! What'll it be? Just say the word.","","","",""
"","","","","","I remember that night! Lissa was in a froth. Said it smelled like...old boots, was it?","","","",""
"","","","","","Wait, so you didn't eat any, either?","","","",""
"","","","","","True, and even the finest knight isn't much use on an empty stomach... All right, then, you're on. Let's get you eating some bear!","","","",""
"","","","","","Um, no, nothing. Don't worry about it. So, you don't have a problem with more common meats, you you?","","","",""
"","","","","","Then let's start simple. Take a bite of this jerky.","","","",""
"","","","","","It's bear. Leftovers from the same bear we ate that night, in fact! I saved some.","","","",""
"","","","","","Animal or savage, indeed. How rude of him... Guess he wasn't joking about his aversion to bear, though...","","","",""
"","","","","","Hey there! I've got some new cured meat for you to try...","","","",""
"","","","","","Oh? I thought you were serious about getting over this.","","","",""
"","","","","","Look, I'm not a monster. I prepared a whole series of meats in order of gaminess. We can take it slow.","","","",""
"","","","","","All right then. We'll start with chicken, then pork, then beef.","","","",""
"","","","","","It starts to get a little tricky here.","","","",""
"","","","","","You're doing great!","","","",""
"","","","","","...By which I mean bear.","","","",""
"","","","","","Oh, stop exaggerating! Otherwise you won't last long on the battlefield.","","","",""
"","","","","","Whoa. I just had intense deja vu.","","","",""
"","","","","","You talked yourself back into it? Impressive.","","","",""
"","","","","","And perhaps a little disturbing... Ah, well. Whatever works.","","","",""
"","","","","","Let's finish this! Open wide!","","","",""
"","","","","","What are you mumbling about? ...And why are you holding your side?","","","",""
"","","","","","Is everything all right?","","","",""
"","","","","","You look anything but fine. You're not hurt, are you?","","","",""
"","","","","","What? Are you sure? You look great to me -- same as ever.","","","",""
"","","","","","Well, this is a side of you I've never seen.","","","",""
"","","","","","Well, I just... didn't think you were the kind of person to worry about their figure.","","","",""
"","","","","","Eeeep! I mean, um, yes! Of course! I get it! ...P-please don't hurt me...","","","",""
"","","","","","*Ahem* Well, if you ARE worried about weight redistribution, you could try this.","","","",""
"","","","","","It's a rare form of dried seaweed, actually. I bought it back in town.","","","",""
"","","","","","The shopkeeper said it contained 'insane quantities of fiber.' Then he just kept saying 'insane' and cackled while doing a little dance... Quite an odd fellow, really.","","","",""
"","","","","","Well, I know how brave you are...","","","",""
"","","","","","Great! To tell the truth, I've put on a few pounds myself lately... I've been meaning to try the seaweed but was too scar -- er, busy! Too busy.","","","",""
"","","","","","Oh, gods, what's wrong?! You look like a corpse!","","","",""
"","","","","","...And your skin -- it's GREEN! Have you been poisoned? What have you eaten lately?!","","","",""
"","","","","","Wait...did you say...the WHOLE bag?","","","",""
"","","","","","You're supposed to tear off a tiny piece and rehydrate it with water first. The chunk I gave you was a month's supply.","","","",""
"","","","","","Oh, dear heavens.","","","",""
"","","","","","I am so, so sorry! I should have explained in more detail!","","","",""
"","","","","","You must let me help you somehow. I just feel so awful about this.","","","",""
"","","","","","...Yikes, that did not sound good...","","","",""
"","","","","","Looking good! Feeling better, I take it? And just LOOK at those muscles!","","","",""
"","","","","","Where? Here?","","","",""
"","","","","","Um, that's not fat. That's loose skin.","","","",""
"","","","","","I knew something was weird when you told me you were worried.","","","",""
"","","","","","You train harder than anyone I know.","","","",""
"","","","","","It's probably a result of the seaweed. You lost a lot of weight during your trial and the muscle is still filling in.","","","",""
"","","","","","Give it another week of combat and eating right, and it'll disappear soon enough.","","","",""
"","","","","","Trust me. You're in perfect shape. I should know -- I've been training with you all week!","","","",""
"","","","","","I guess that means you win our contest. My belly hasn't shrunk an inch.","","","",""
"","","","","","Er...heh heh, n-no, that would be a foolish thing to -- HuuuRRRRRRGH?!","","","",""
"","","","","","...Uh-oh.","","","",""
"","","","","","I h-had to...catch up...","","","",""
"","","","","","I think the storm has passed, thank goodness. Plus all the training's starting to pay off!","","","",""
"","","","","","My muscles are hard as rocks! Just look at them! Rrrrrr...","","","",""
"","","","","","Er...","","","",""
"","","","","","N-no, I just... L-last time I touched you, you threatened to take my hands off.","","","",""
"","","","","","No...? In that case, maybe it's time I gave you this...","","","",""
"","","","","","I love you! I can't think about anything else!","","","",""
"","","","","","When we started out, I just saw you as this intimidating stranger...","","","",""
"","","","","","But the more we trained, the more I saw what an amazing person you really are.","","","",""
"","","","","","So wh-what do you say?","","","",""
"","","","","","YES! Oh, I'm so happy! I can finally quit all these workouts...","","","",""
"","","","","","What do you say, shall we have a few pies to celebrate?","","","",""
"","","","","","So if the cavaliers spread out in a fan... And the pegasus knights sweep in from the flank...","","","",""
"","","","","","I'm practicing strategies and scenarios on this game board. After a hundred forced marches, these pieces are still ready for more.","","","",""
"","","","","","It saves me from running everyone ragged with training exercises.","","","",""
"","","","","","Well, as long as I control friend and foe alike, it's not as effective as I'd prefer. After all, I can't plan for the unexpected when I know all the moves ahead of time.","","","",""
"","","","","","Because swans are...good defenders?","","","",""
"","","","","","Er, never mind. I accept.","","","",""
"","","","","","So then. We'll take turns moving units until one of us claims the other's commander. Agreed?","","","",""
"","","","","","Hold! I need to retract my last move.","","","",""
"","","","","","...Blast! I hate to admit it, but I am well and truly beaten.","","","",""
"","","","","","More like a chicken and the far end of a horse! I'm no noble lord, but your strategy wasn't exactly what I'd call honorable.","","","",""
"","","","","","Still, I appreciate the practice. Thank you.","","","",""
"","","","","","Ho! Care for a rematch? I have a method to defeat you this time for certain!","","","",""
"","","","","","And my heart has no room for a grown man in a bib.","","","",""
"","","","","","...Sounds fancy. Your move?","","","",""
"","","","","","Do your worst!","","","",""
"","","","","","Blast and blast again! Why can't I beat you?!","","","",""
"","","","","","I'll not speak to your fashion sense, but you have a real knack for strategy.","","","",""
"","","","","","Perhaps you should be giving orders instead of me.","","","",""
"","","","","","Ah...","","","",""
"","","","","","That was almost...kind. Perhaps even sensible.","","","",""
"","","","","","Are you feeling well? You're starting to sound like a normal person.","","","",""
"","","","","","I'd sooner you put an arrow through my head...","","","",""
"","","","","","*Sigh* I lose. ...Again.","","","",""
"","","","","","...Ah, I see. Because that left my vanguard's flank exposed.","","","",""
"","","","","","You really are excellent at this. I just can't compete.","","","",""
"","","","","","Any strides I've made have been due to your patience. Thank you for working with me. I've really come to look forward to our matches.","","","",""
"","","","","","The sad part is, unless I manage to best you at least once, I have trouble sleeping!","","","",""
"","","","","","...And I am burdened. Sometimes I feel as if I could drown on dry land. The army relies on me to plan their every move and tactic.","","","",""
"","","","","","I lack the experience for such responsibility. It's enough to make a man flee in terror.","","","",""
"","","","","","I don't know what to say... Thank you. I'll do my best to remain worthy of your trust.","","","",""
"","","","","","Now, what would he want more than anything? Hmm... Maybe a sword?","","","",""
"","","","","","Wait, what am I thinking? He already owns the most treasured sword of all...","","","",""
"","","","","","He's hardly 'old'... But yes, I am. And to be honest, I'm at a bit of a loss for ideas.","","","",""
"","","","","","Buying for royalty would be hard enough, but we're in the middle of a war.","","","",""
"","","","","","It'd have to be small, to transport easily with the caravan, and nothing excessive...","","","",""
"","","","","","You mean like a potion or tonic? I didn't know you dabbled in such!","","","",""
"","","","","","Homemade gifts are always the best!","","","",""
"","","","","","Would that I possessed any such talents...","","","",""
"","","","","","Perhaps I could help gather them?","","","",""
"","","","","","Perfect! We can solve both our problems in one fell swoop.","","","",""
"","","","","","Chrom loved the gift!","","","",""
"","","","","","Thanks so much for letting me chip in.","","","",""
"","","","","","Oh, come now. Don't think I'll fall for that old trick...","","","",""
"","","","","","You helped me and just made it seem like I was helping you. I don't know how you do it, but I'm grateful nonetheless!","","","",""
"","","","","","On the contrary, I think being sensitive to others is a precious skill indeed.","","","",""
"","","","","","And you can always read these thoughts?","","","",""
"","","","","","That's a remarkable talent! Truly.","","","",""
"","","","","","That's every bit as impressive as magic.","","","",""
"","","","","","I bet you're always one step ahead of your rivals, on the battlefield and off.","","","",""
"","","","","","Like how you read my mind when I was wondering what to get Chrom...","","","",""
"","","","","","Was I? Oh! Ah ha ha...","","","",""
"","","","","","What's wrong? You sound a bit down.","","","",""
"","","","","","You're always doing things like that, aren't you? Helping others with their problems.","","","",""
"","","","","","Most of us are too busy looking after ourselves, but you always find the time.","","","",""
"","","","","","Ha! And now you're acting humble and deflecting praise from yourself.","","","",""
"","","","","","Not annoying, no. But you should stand up for yourself from time to time, too.","","","",""
"","","","","","For example, you could start by telling people that today is your birthday.","","","",""
"","","","","","I found out, yes, but not from you!","","","",""
"","","","","","Friends should be able to tell each other that much.","","","",""
"","","","","","War may be raging around us, but that doesn't mean we can't have fun sometimes.","","","",""
"","","","","","You spend so much time looking after other people that someone has to look after you.","","","",""
"","","","","","And I've decided that someone is going to be me!","","","",""
"","","","","","So, here. Have a couple of fried fig cakes in honor of your birthday.","","","",""
"","","","","","What are you up to out here?","","","",""
"","","","","","...Okay, now I KNOW you're up to something.","","","",""
"","","","","","Liar. You're trying to see who's bathing in the spring over there.","","","",""
"","","","","","Don't play dumb with me! Now stop leering and get back to camp.","","","",""
"","","","","","No. I don't. ...Thank the gods.","","","",""
"","","","","","That's Sully's horse isn't it? Gods, but it's a fierce-looking brute. Do you see how it's glaring at us? It's almost as if it thinks...","","","",""
"","","","","","B-but I didn't do anything! Gyaaaaaa!","","","",""
"","","","","","Meddling little...what?","","","",""
"","","","","","For that lie to work, you actually need to have a four-leaf clover.","","","",""
"","","","","","You were spying on bathing women again, weren't you?!","","","",""
"","","","","","Don't deny it!","","","",""
"","","","","","I was collecting elderberries. For tea.","","","",""
"","","","","","Not that it's any concern of yours! Now keep your voice down! You might wake up Sully's devil steed.","","","",""
"","","","","","Not anymore, thanks to you!","","","",""
"","","","","","Ever since that time I caught you snooping, the beast has made me its sworn enemy. If I get within half a league, it's after me like a hound from hell!","","","",""
"","","","","","Frankly, being tarred with the same brush as you is punishment enough.","","","",""
"","","","","","In any case, neither of us want to be here if that horse wakes up. Come on, let's get back to camp.","","","",""
"","","","","","D-don't turn around... It's right...behind you...","","","",""
"","","","","","WHY MEEEEEEEEE?!","","","",""
"","","","","","Hey. Why the long face?","","","",""
"","","","","","It's not like you to be so introspective. Why does it worry me...","","","",""
"","","","","","Huh.","","","",""
"","","","","","Well, that does sound unpleasant. Even if you only have yourself to blame.","","","",""
"","","","","","One might call it... Oh, what's the word? Ah, yes: ironic!","","","",""
"","","","","","In any case, can we please assume that you've finally learned your lesson?","","","",""
"","","","","","Good. I think when you look back on this later, you'll be glad it happened.","","","",""
"","","","","","But, come. No use moping about what's done.","","","",""
"","","","","","The Shepherds need their Teach.","","","",""
"","","","","","They need his passion and his willingness to take on anything or anyone, damn the odds!","","","",""
"","","","","","You...consider me a friend?","","","",""
"","","","","","Favors? Well, I suppose if there's something --","","","",""
"","","","","","Pudding? Honestly?","","","",""
"","","","","","That looked like a pretty bad spill. Are you hurt?","","","",""
"","","","","","Everything you were carrying went flying. I see your herbs, some papers, a... What is this? A book? A journal?","","","",""
"","","","","","Sorry! Sorry. I didn't realize it was so important.","","","",""
"","","","","","Wow. Who wrote it? A famous mage or something?","","","",""
"","","","","","Ah, that explains the rough binding. Er, no offense intended. Still, that's amazing.","","","",""
"","","","","","Was your mother a mage as well? Or perhaps a scientist?","","","",""
"","","","","","You mean, why do I ask? Er, I don't know. ...I'm curious?","","","",""
"","","","","","Wouldn't most people be?","","","",""
"","","","","","Um, did I say something strange?","","","",""
"","","","","","...I really think you're reading too much into this.","","","",""
"","","","","","Oh, blast! My item pouch is gone. I must have dropped it somewhere...","","","",""
"","","","","","Ah, yes! My thanks.","","","",""
"","","","","","I keep it tied to my belt, but it's always falling off for some reason.","","","",""
"","","","","","So, um, can I have my pouch back now?","","","",""
"","","","","","S-Sorry! ...Didn't mean to startle you.","","","",""
"","","","","","Er, sorry...","","","",""
"","","","","","Wait! My...pouch...","","","",""
"","","","","","Um... What are you doing with my item pouch?","","","",""
"","","","","","H-hey! I had a lot of fragile things in that pouch! Potions and baubles and... *Sigh*","","","",""
"","","","","","You know what? Keep it.","","","",""
"","","","","","Sometimes I wish you'd show half as much interest in people as you do in science.","","","",""
"","","","","","Me? Why me?","","","",""
"","","","","","Are you still talking to me?","","","",""
"","","","","","Er, you're not going to tell me not to disrupts your thoughts again?","","","",""
"","","","","","N-no, thanks.","","","",""
"","","","","","I'm just happy to know I wasn't a bother, I guess.","","","",""
"","","","","","O-kay. I just don't like to think that I'm bothering a friend. That's all.","","","",""
"","","","","","Why not? I think it must have happened somewhere along the way, right? ...No?","","","",""
"","","","","","Ah!","","","",""
"","","","","","Oh, no. I bought it in town a ways back. It was too pretty to pass up. I figured if I ever found someone to marry, I could...give it to them.","","","",""
"","","","","","Er...Actually, how about you keep it?","","","",""
"","","","","","That's kind of my point actually.","","","",""
"","","","","","Well, that's one way to think of it, sure...","","","",""
"","","","","","But yes, that's the idea.","","","",""
"","","","","","You do have a choice in the matter, you know?","","","",""
"","","","","","Heh, well we've got the rest of our lives to figure it out.","","","",""
"","","","","","...And the rest of my life to try and understand what the heck you're saying.","","","",""
"","","","","","That's a lot of books you've got there. Are you going to read all of them?","","","",""
"","","","","","What a good idea! I always find it relaxing to do a little light reading in the evening.","","","",""
"","","","","","You don't mind?","","","",""
"","","","","","I'm not sure. What do you recommend?","","","",""
"","","","","","Er, thank you, but I don't like to read scary stories before bed.","","","",""
"","","","","","I'm not really that into animal nonfiction...","","","",""
"","","","","","...Do you perhaps have anything a bit more...literary?","","","",""
"","","","","","Oh, goodness! Please don't cry!","","","",""
"","","","","","I didn't mean to imply...","","","",""
"","","","","","I've always wanted to read that one! I mean, it has terror at high noon and everything, right?","","","",""
"","","","","","You, uh, can't beat that...","","","",""
"","","","","","Pretty sure I have to at this point...","","","",""
"","","","","","It was actually pretty interesting.","","","",""
"","","","","","The encounter at high noon was epic! I stayed up far too late reading it.E","","","",""
"","","","","","So, what are you reading now?","","","",""
"","","","","","I've never heard of it. Is it a novel?","","","",""
"","","","","","You don't say?","","","",""
"","","","","","Novels are good. Although I suppose I read a little bit of everything.","","","",""
"","","","","","I know what you mean.","","","",""
"","","","","","I always feel a bit sad when a good story comes to an end.","","","",""
"","","","","","So then? What are you planning to read next?","","","",""
"","","","","","Oh. Well, that certainly sounds...like...a thing...","","","",""
"","","","","","Well, I didn't...","","","",""
"","","","","","A-are you feeling all right? Perhaps I should summon a healer... ","","","",""
"","","","","","Yes, it's actually very weird.","","","",""
"","","","","","You don't need to pretend to be someone else. You're perfect as you are! ...Well, maybe not perfect. But pretty good.","","","",""
"","","","","","Of course I would!","","","",""
"","","","","","Er, I think you're missing the point of --","","","",""
"","","","","","Yes... Yes, I suppose it is.","","","",""
"","","","","","I can't help but notice that you aren't carrying a book.","","","",""
"","","","","","Oh? What brought this on?","","","",""
"","","","","","You're not hopeless.","","","",""
"","","","","","I am being honest. I've been thinking of you ever since we started sharing books.","","","",""
"","","","","","In truth I... I think about you all the time. And I've grown incredibly fond of you.","","","",""
"","","","","","I bought a ring! ...For you, I mean.","","","",""
"","","","","","I'm a simple man with little in the way of wealth or land or social opportunity.","","","",""
"","","","","","Oh, I'm so happy! It's like we're in a storybook of our very own.","","","",""
"","","","","","The others claim it's a ghost, but I refuse to put stock in such things.","","","",""
"","","","","","WAAAAAAAAAAH! ...Oh! It's you! You surprised me.","","","",""
"","","","","","Well, there IS something troubling me...","","","",""
"","","","","","The men are reporting strange incidents -- baffling phenomena that defy explanation.","","","",""
"","","","","","Well, for example, whenever a group of us gather, drinks materialize on the table. Also, there's always one more cup than people present.","","","",""
"","","","","","But everyone denies that they brought the cup or served the drinks! It's most peculiar.","","","",""
"","","","","","So peculiar, in fact, that some are claiming it to be the work of spirits...","","","",""
"","","","","","Oh, of course it's not. I just don't know what it could possibly --","","","",""
"","","","","","You? ...But wait. Why would you bring one cup too many?","","","",""
"","","","","","What?! That's almost as absurd as the ghost theory!","","","",""
"","","","","","Ah, yes, of course -- now I see you. Thank you for the drink!","","","",""
"","","","","","Not at all! I was just taken aback when the cup seemed to appear at my elbow...","","","",""
"","","","","","You know, if you want people to notice you more, you should speak up.","","","",""
"","","","","","Well, if that's your plan, I have to say you are succeeding brilliantly.","","","",""
"","","","","","Heh, so that WAS you...","","","",""
"","","","","","Half the camp refused to come out of their tents for fear of the 'ghost'!","","","",""
"","","","","","Stop being sorry! It's their own fault for being such superstitious hens.","","","",""
"","","","","","Splendid idea! That's the spirit! We'll get you noticed yet.","","","",""
"","","","","","It's for you.","","","",""
"","","","","","The trick is to squint and look sideways. I've been working on it here and there.","","","",""
"","","","","","Anyway, you're always so helpful to everyone else, I wanted to return the favor.","","","",""
"","","","","","Not at all. It's the least I can do.","","","",""
"","","","","","What in the... How did he DO that?! He just vanished!","","","",""
"","","","","","...Oh, right. Of course. I knew that.","","","",""
"","","","","","It's just that you gave this enigmatic smile, turned to the left, and then...disappeared!","","","",""
"","","","","","Almost as if you'd achieved enlightenment and transcended this mortal plane!","","","",""
"","","","","","Ha ha. Yes, well...perhaps I've read a few too many morality plays as of late.","","","",""
"","","","","","In any case, forget the axes for now -- everyone is waiting to see you.","","","",""
"","","","","","They all want to apologize for making such a fuss about the supposed hauntings.","","","",""
"","","","","","Sometimes, we all have to stand up and be noticed.","","","",""
"","","","","","Ah-HA! I KNEW IT!","","","",""
"","","","","","What are you trying to do?","","","",""
"","","","","","Ah, yes. It needs a barb on the inside.","","","",""
"","","","","","Here, may I? ...There we go.","","","",""
"","","","","","Oh, just something I read about at one time or another.","","","",""
"","","","","","Not much, I'm afraid.","","","",""
"","","","","","Perhaps you'd teach me some basic traps sometime?","","","",""
"","","","","","Sure, sounds great!","","","",""
"","","","","","Just look at the size of this thing!","","","",""
"","","","","","Goodness, I think we're going to have leftovers tonight.","","","",""
"","","","","","Boar jerky? My mouth's watering just thinking about it...","","","",""
"","","","","","You should come by and take a look.","","","",""
"","","","","","Ha ha, listen to us! We're obsessed.","","","",""
"","","","","","We should be, the way we're stockpiling provisions.","","","",""
"","","","","","I know! Ah ha ha!","","","",""
"","","","","","Do you cook?","","","",""
"","","","","","I've only poisoned myself twice!","","","",""
"","","","","","Do you want to have a go? At cooking it, I mean?","","","",""
"","","","","","I'll bet if the two of us put our heads together we could up with something.","","","",""
"","","","","","Gah! The fish! You're burning it!","","","",""
"","","","","","HOOOOOOT! Hot! Hot! Hot!","","","",""
"","","","","","Ow... Y-yes, I think so. It's just a little burn.","","","",""
"","","","","","Ahhhhhhhhh...","","","",""
"","","","","","Still, I'd say it was worth it. At least I got to learn something about you.","","","",""
"","","","","","You've got a cool head in a crisis. You were quick on your feet and kept it together.","","","",""
"","","","","","Don't be so modest.","","","",""
"","","","","","I think the harm is starting to outweigh the benefit now.","","","",""
"","","","","","Er, and perhaps we'll not mention this to anyone else, eh?","","","",""
"","","","","","Oh! Sorry. I just got caught up watching you practice.","","","",""
"","","","","","Your style is a perfect blend of accuracy, power, and speed. They really know what they're doing up in Regna Ferox.","","","",""
"","","","","","Would you mind teaching me a few moves?","","","",""
"","","","","","Oh, I already am.","","","",""
"","","","","","But with the two styles being so different, why not learn what both can offer?","","","",""
"","","","","","It's possible a mix of the two would be stronger than either one alone.","","","",""
"","","","","","Wait, we're jumping right into sparring?","","","",""
"","","","","","So be it!","","","",""
"","","","","","Thank you, but no. I'm still recovering from the last one...","","","",""
"","","","","","I'll say this -- I'm glad we're not at war with Ferox!","","","",""
"","","","","","I find that hard to believe. You're a beast!","","","",""
"","","","","","But he's given you something to strive for. I'm envious, really.","","","",""
"","","","","","I will, thanks.","","","",""
"","","","","","Did you need something?","","","",""
"","","","","","Yes. I have to balance training my sword arm with honing my tactician's eye.","","","",""
"","","","","","We're a small force up against a big army. We need to fight smart to survive.","","","",""
"","","","","","Then I choose to be the first man to pick both. I want to keep my friends safe. And the townspeople and everyone else, too.","","","",""
"","","","","","So when my sword won't reach, I'll protect them with my tactics.","","","",""
"","","","","","Is that what said really so revolutionary?","","","",""
"","","","","","Was it bad news? Nothing serious, I hope.","","","",""
"","","","","","Then why are you so strapped for a reply?","","","",""
"","","","","","There're plenty of things you could write about! Especially after that last battle.","","","",""
"","","","","","Oh. Right. Well, why not tell them about that fight against the Risen?","","","",""
"","","","","","How about just a few words to let them know you're all right?","","","",""
"","","","","","Well, if they could've heard you just now, they already would be.","","","",""
"","","","","","You could always just head back.","","","",""
"","","","","","I'm not saying to drop everything and go tomorrow, but once things settle down.","","","",""
"","","","","","Why not?","","","",""
"","","","","","Ha ha, I'm just teasing.","","","",""
"","","","","","Today I saved the life of my beloved, and the field ran red with the blood of my foes!","","","",""
"","","","","","I'm helping.","","","",""
"","","","","","So did you finally figure out what to write?","","","",""
"","","","","","No tales of glory? No brave words? ...No dismemberment?","","","",""
"","","","","","But it IS great news! I'm sure it'll put their minds at ease.","","","",""
"","","","","","No, by telling them you know your limits and you're working to overcome them.","","","",""
"","","","","","That's a very mature way of thinking. I'm sure they'll be proud.","","","",""
"","","","","","I guarantee it! You did great.","","","",""
"","","","","","What did that mean again?","","","",""
"","","","","","Oh, hello. Just reading a bit.","","","",""
"","","","","","Did you just drop by to look down your nose at me, or was there something else?","","","",""
"","","","","","Er, all right. I take it back. But was there something you needed?","","","",""
"","","","","","Me? Why me? I'm not that interesting, you know.","","","",""
"","","","","","No, I don't object, per se. But...weren't we already friends?","","","",""
"","","","","","Heh! You really can be sweet sometimes.","","","",""
"","","","","","Well then, ask away. If I know the answer, I'm happy to tell it.","","","",""
"","","","","","...I take back what I said, and then I take back the take-back before that.","","","",""
"","","","","","Ah, you mean about my lessons on the language of the great unwashed?","","","",""
"","","","","","Wait, you used that slang? Out loud? In public?","","","",""
"","","","","","Yeeees, both of those are technically true.","","","",""
"","","","","","The examples I taught you are reserved for intimate friends.","","","",""
"","","","","","I'm sorry! It was all in good fun! I never thought you'd actually --","","","",""
"","","","","","Uh...","","","",""
"","","","","","No, that's... I don't...","","","",""
"","","","","","Stop! Please! I can literally hear everything you stand for screaming and dying in agony!","","","",""
"","","","","","Look, I'll clear things up with everyone. Okay? I'll take the blame.","","","",""
"","","","","","Thank you.","","","",""
"","","","","","...Wait a minute. I didn't teach you that. Damnation!","","","",""
"","","","","","What is that, exactly?","","","",""
"","","","","","Am I not really standing now? Because it feels like I'm standing.","","","",""
"","","","","","Let's see. Straight spine... Invisible thread... Like this?","","","",""
"","","","","","It happens naturally when I force my head up.","","","",""
"","","","","","Is this better?","","","",""
"","","","","","So like...this?","","","",""
"","","","","","You think? Wow, I never --","","","",""
"","","","","","Er, you really don't have to --","","","",""
"","","","","","Heeeeelp meeeeeee!","","","",""
"","","","","","I was hoping you could teach me one more thing...","","","",""
"","","","","","How to give a present to a lady.","","","",""
"","","","","","For a while now, actually.","","","",""
"","","","","","Oh, good. Come here, then.","","","",""
"","","","","","Your hand. Give it here.","","","",""
"","","","","","Aaand, there! ...It looks good on you.","","","",""
"","","","","","A proposal.","","","",""
"","","","","","Then your answer is yes?","","","",""
"","","","","","I barely know a thing about them, and I thought... I mean, if you don't mind...","","","",""
"","","","","","I don't know, I guess I just didn't imagine you saying yes so easily. I was all ready to argue my case.","","","",""
"","","","","","N-no, neither! Nothing like that. It's just... I thought you might not take kindly to me asking.","","","",""
"","","","","","Alright.","","","",""
"","","","","","You can hear my heartbeat?","","","",""
"","","","","","Heh. Remind me never to play cards against you...","","","",""
"","","","","","Can we talk again soon?","","","",""
"","","","","","I... I didn't mean to...","","","",""
"","","","","","Oh... Um, well, what do you like to eat?","","","",""
"","","","","","I'm on kitchen duty tonight - I'll cook whatever you want.","","","",""
"","","","","","It was me being nosey that made you sad, right? Let me cheer you back up!","","","",""
"","","","","","Not a widely held opinion, but thanks.","","","",""
"","","","","","I suppose it is warm, at least...","","","",""
"","","","","","Not a very high bar, is it?","","","",""
"","","","","","It's a ring. I want you to marry me.","","","",""
"","","","","","You mean so much to me. It tears me up to think of you being alone...","","","",""
"","","","","","...Let me be your family.","","","",""
"","","","","","If you'll let me, yes.","","","",""
"","","","","","Not for as long as I lived.","","","",""
"","","","","","If you want, sure.","","","",""
"","","","","","Well I should HOPE I'm better than that!","","","",""
"","","","","","I am SO sorry about earlier! I had no idea you were in the bath...","","","",""
"","","","","","Yes, but... I still may have seen more than you intended.","","","",""
"","","","","","It's the one they use to mark convicted criminals, isn't it?","","","",""
"","","","","","Do you have any books? Strategy books, specifically?","","","",""
"","","","","","I've been hoping to expand my tactical knowledge to better serve the Shepherds. However, I can't find a single volume in these parts.","","","",""
"","","","","","It really is most strange...","","","",""
"","","","","","...Oh, you're back! That was fast.","","","",""
"","","","","","Did you buy every tome in the market?!","","","",""
"","","","","","Sometimes I wonder why I even try...","","","",""
"","","","","","Hey, that's a handsome cloak. Looks warm, too.","","","",""
"","","","","","Then I must refuse. I can't accept such an extravagant gift.","","","",""
"","","","","","YOU made this? But, it's magnificent!","","","",""
"","","","","","But why did you --","","","",""
"","","","","","...Oh, very well. I was hoping it wouldn't come to this. I have something important to tell you.","","","",""
"","","","","","It's a secret. A very embarrassing one.","","","",""
"","","","","","Ah, but I did. And now you are the only one who knows.","","","",""
"","","","","","In that case, I accept.","","","",""
"","","","","","What to do, what to do...","","","",""
"","","","","","You did? Ah, that's great. Thank you.","","","",""
"","","","","","You never miss a detail, do you?","","","",""
"","","","","","Wait, you keep track of EVERYONE'S equipment?! ...All in your head?","","","",""
"","","","","","...Gods. I can certainly see why everyone calls you a genius.","","","",""
"","","","","","Oh, I'm sorry... I meant no offense.","","","",""
"","","","","","Oh...","","","",""
"","","","","","Gracious!","","","",""
"","","","","","I assure you, when I called you a genius, I meant it only as a compliment.","","","",""
"","","","","","Well, if you ever need to talk, just let me know.","","","",""
"","","","","","Er, I meant if you ever need to talk about... Never mind.","","","",""
"","","","","","You MADE one?","","","",""
"","","","","","As in, you forged it yourself?","","","",""
"","","","","","I think that I wasn't expecting you to go and fashion a whole javelin from scratch!","","","",""
"","","","","","You really ARE a genius!","","","",""
"","","","","","Oh, I... Sorry.","","","",""
"","","","","","Anyway, I'm glad I was able to help. If there's anything else I can do...","","","",""
"","","","","","Doing what? What wrong idea?","","","",""
"","","","","","...Oh. I thought you were going to say something else...","","","",""
"","","","","","Er, but why would that be so bad?","","","",""
"","","","","","We are friends...aren't we?","","","",""
"","","","","","Of course. Why not?","","","",""
"","","","","","That's...so very sad.","","","",""
"","","","","","Heh, I guess they would be...","","","",""
"","","","","","Don't thank me! You're the one who went out and learned smithery.","","","",""
"","","","","","I'm just glad it all worked out.","","","",""
"","","","","","Eh, the afterlife?","","","",""
"","","","","","Gracious, no! I mean, I knew that some of them... I just...","","","",""
"","","","","","I'm sorry. I didn't fully understand until this moment.","","","",""
"","","","","","Not clever, no.","","","",""
"","","","","","Just blessed with the kind of insight close friends share. Because I AM a close friend now, and I'll always be here for you.","","","",""
"","","","","","What are you doing?","","","",""
"","","","","","You'll never see it again!","","","",""
"","","","","","...I daresay you're right.","","","",""
"","","","","","Er, you are skilled at many things.","","","",""
"","","","","","Oh, er... Right. Ha ha! I'd forgotten about that...","","","",""
"","","","","","Er, actually...","","","",""
"","","","","","I know, but... Um... You were right.","","","",""
"","","","","","No...I'm not joking. In fact I've never been more serious.","","","",""
"","","","","","Truly?! Th-that's wonderful!","","","",""
"","","","","","Hmm? What is it?","","","",""
"","","","","","I don't need medicine. I feel fine.","","","",""
"","","","","","Well, now that you mention it, my throat has been a little sore...","","","",""
"","","","","","You must have a terrific sense of hearing to notice that over the din of combat.","","","",""
"","","","","","I daresay you're right.","","","",""
"","","","","","Oh. That sounds easy enough. Any other tricks?","","","",""
"","","","","","This sounds interesting.","","","",""
"","","","","","I beg your pardon?","","","",""
"","","","","","An extra blanket will do just fine, thank you.","","","",""
"","","","","","But I think it gave me strange dreams.","","","",""
"","","","","","Er...","","","",""
"","","","","","We weren't in a bed! We were flying through the air...","","","",""
"","","","","","Then we landed...on the sun, I think.","","","",""
"","","","","","And I rested my head on your knee...","","","",""
"","","","","","Gods, it was horrible...","","","",""
"","","","","","Since then, I haven't slept in days! Days!","","","",""
"","","","","","I have ch-chills up my back even as we speak...","","","",""
"","","","","","No! Stay away from me!","","","",""
"","","","","","Er, yes, actually.","","","",""
"","","","","","R-really? It's that serious?","","","",""
"","","","","","Good, thanks to you.","","","",""
"","","","","","Heh, yes, I'll certainly pay closer attention from now on.","","","",""
"","","","","","What? Is something troubling you?","","","",""
"","","","","","Not anymore, thank the gods.","","","",""
"","","","","","A performance fee? For a dream?! That's ridiculous!","","","",""
"","","","","","I assure you, I will be watching my health very carefully.","","","",""
"","","","","","Yeowch!","","","",""
"","","","","","You mean, apart from this lump on my head?","","","",""
"","","","","","What is this you threw at me?","","","",""
"","","","","","If it's so precious, why are you tossing it around?","","","",""
"","","","","","...So you're hunting game? With a rock?","","","",""
"","","","","","Here, let me try.","","","",""
"","","","","","Casting magic or hurling stones, it's all about focus and control. And you have to lead your target... Like... THIS!","","","",""
"","","","","","Well, I have my moments.","","","",""
"","","","","","All right. First of all, you want to grip the stone like this...","","","",""
"","","","","","My, that's a big snake! Did you catch it yourself?","","","",""
"","","","","","But...this is your shiny rock. Your most treasured possession?","","","",""
"","","","","","Well, that's...very generous of you. Thank you.","","","",""
"","","","","","Well, how about trying your hand at field cooking? You know, campfire cuisine?","","","",""
"","","","","","Frederick has just started teaching me the basics, so I'm not very good yet but...","","","",""
"","","","","","With that kind of enthusiasm, we just might, heh heh...","","","",""
"","","","","","...Well, it looks...edible? At least?","","","",""
"","","","","","The proof is in the flavor. Which, I don't know...","","","",""
"","","","","","Er, right. H-here goes nothing. *Munch, munch*","","","",""
"","","","","","It did, didn't it? Thank goodness Frederick is such a good teacher.","","","",""
"","","","","","Don't say that. You've got time to learn all kinds things. And of course I'll help, if you like.","","","",""
"","","","","","So you split the blade of grass, cup it in your hands like so, and blow... FfffffvvvVVVVVVWWWEEEEEE!","","","",""
"","","","","","Here, why don't you try?","","","",""
"","","","","","Er, probably not a good idea. We don't want to start a wildfire.","","","",""
"","","","","","Look, I'll help you practice until you've got it. Sound good?","","","",""
"","","","","","Let's just try it my way, okay?","","","",""
"","","","","","So there is. And it's quite a bit bigger than the last one you caught...","","","",""
"","","","","","Er, what are you doing?","","","",""
"","","","","","You hit him right between the eyes!","","","",""
"","","","","","That must be the biggest snake I've ever seen taken down by a single rock.","","","",""
"","","","","","The Shepherds will eat well tonight! ...If we can haul that thing back to camp.","","","",""
"","","","","","Er, you didn't just use it to knock out that snake, did you?","","","",""
"","","","","","It's all right. We just have to search a little. I promise I won't leave until we've found it. Alright?","","","",""
"","","","","","You mean searching for the dragonstone? Not at all. I'm just glad we found it.","","","",""
"","","","","","Listen, I actually wanted to talk to you about something else...","","","",""
"","","","","","Yes, right. That's what I thought.","","","",""
"","","","","","Oh, so you DO know the custom? Good. I was afraid I'd have to explain.","","","",""
"","","","","","Heh. Right, sorry.","","","",""
"","","","","","But if you know this ring...then you also know what it means to accept it.","","","",""
"","","","","","Then my only regret is not doing so earlier.","","","",""
"","","","","","Y-Yes... Thank you, Chrom.","","","",""
"","","","","","No, actually. I... It's strange... Your name, it just...came to me...","","","",""
"","","","","","My name is... It's... Hmm?","","","",""
"","","","","","I'm not sure if... I'm sorry, but where am I, exactly?","","","",""
"","","","","","B-But it's the truth!","","","",""
"","","","","","Wait just one moment. Do I have a say in this?","","","",""
"","","","","","What will you do with me? Am I to be your prisoner?","","","",""
"","","","","","Is that where we are? Ylisse?","","","",""
"","","","","","Shepherds? You tend sheep? ...In full armor?","","","",""
"","","","","","I understand, sir. I would do no less myself. My name is Robin. ...I just remembered that. How odd. I suppose that's one mystery solved.","","","",""
"","","","","","But what about-- Hmm...","","","",""
"","","","","","Wait!","","","",""
"","","","","","I...I'm not certain myself. But I'm armed, and I know my way around a fight, if you'll have me.","","","",""
"","","","","","I...believe so? I suppose I should check.","","","",""
"","","","","","No, I can control it. I'm sure. Now, how did this work again? Ah, yes...","","","",""
"","","","","","Indeed. Timely use of a staff or a vulnerary should prevent the worst.","","","",""
"","","","","","Hmm... It's strange. Here on the battlefield, I can... Well, I can 'see' things.","","","",""
"","","","","","The enemy's strength, their weaponry, the flow of battle... I must have studied this somewhere.","","","",""
"","","","","","Yes, it would seem so. And perhaps more, if I apply myself...","","","",""
"","","","","","I'm fine, Chrom. Don't worry.","","","",""
"","","","","","Thank you, but...I think there's more to it than that.","","","",""
"","","","","","I believe there's a tactical advantage to fighting side by side... It's fuzzy... Wait, yes: working in pairs improves strength, defense, speed... Yes, yes, I'm sure of it!","","","",""
"","","","","","Well, that's the end of that.","","","",""
"","","","","","I understand your skepticism, Sir Frederick. And I cannot explain why only some knowledge has returned to me. But please, believe me. I have shared all that I know.","","","",""
"","","","","","Th-thank you, Chrom.","","","",""
"","","","","","I would be honored.","","","",""
"","","","","","Plegian? What's that?","","","",""
"","","","","","You've quite the stern lieutenant there.","","","",""
"","","","","","Duly noted.","","","",""
"","","","","","Heh heh.","","","",""
"","","","","","We should probably think about food. I don't know about you, but I'm starving.","","","",""
"","","","","","*Munch, munch, slurp*","","","",""
"","","","","","Are such horrific creatures commonplace in these lands?","","","",""
"","","","","","Hmm? Are those...","","","",""
"","","","","","Then we should take shelter in them whenever possible. No doubt they will offer distinct advantages in battle.","","","",""
"","","","","","Not much for conversation, is he?","","","",""
"","","","","","So this is Ylisstol, capital of Ylisse... I've never seen so many people!","","","",""
"","","","","","The exalt is your ruler, yes?","","","",""
"","","","","","Is it safe for her to walk among commoners like this?","","","",""
"","","","","","Then the Ylissean people are indeed lucky to have her.","","","",""
"","","","","","Yes, I imagine she... Wait, what? She's your... But wouldn't that make you and Chrom...","","","",""
"","","","","","You said you were 'shepherds'!","","","",""
"","","","","","C-Chrom... I mean, Prince Chrom! Sire! Forgive my dreadful manners!","","","",""
"","","","","","The prince and princess... That explains why Frederick tolerates all the teasing, eh?","","","",""
"","","","","","Not at all, milady!","","","",""
"","","","","","Milady.","","","",""
"","","","","","I'm sure I have much to learn in the belching arts, 'Teach.'","","","",""
"","","","","","In any case, it's a pleasure to make your acquaintances.","","","",""
"","","","","","Regna Ferox?","","","",""
"","","","","","Your name is Stahl, right?","","","",""
"","","","","","'Risen'?","","","",""
"","","","","","Well, what do we have here?","","","",""
"","","","","","How did she calm it so quickly?","","","",""
"","","","","","So this is the fortress?","","","",""
"","","","","","The khan is away?","","","",""
"","","","","","A warrior ruler, eh? I can picture him now...","","","",""
"","","","","","A giant of a man of unparalleled thew, his broat chest covered in hair, heheh...","","","",""
"","","","","","Huh?","","","",""
"","","","","","Sounds like Marth's got at least one fan...","","","",""
"","","","","","I'm glad you're safe.","","","",""
"","","","","","Yes, I know you're not especially fond of me, but it's a relief just the same.","","","",""
"","","","","","Chrom? What are you doing out so late?","","","",""
"","","","","","Such an experience would change anyone.","","","",""
"","","","","","It must have been so hard...","","","",""
"","","","","","You know the place, Chrom?","","","",""
"","","","","","The assassins should scatter if we can defeat their leader.","","","",""
"","","","","","Hmm... An excellent question. She was here a moment ago...","","","",""
"","","","","","Sorry, what's a taguel?","","","",""
"","","","","","I don't understand...","","","",""
"","","","","","My legs feel like pudding... Your endurance astounds me, Chrom.","","","",""
"","","","","","Chrom, who is that?","","","",""
"","","","","","I can't quite put my finger on it, but something feels...","","","",""
"","","","","","Yeah... Not sure 'innocent baby' is how I'd describe it...","","","",""
"","","","","","Beg pardon, but who are the Grimleal?","","","",""
"","","","","","I...see.","","","",""
"","","","","","So far, yes. But tomorrow will be the true test...","","","",""
"","","","","","I hope you're right.","","","",""
"","","","","","...AAAAAH!","","","",""
"","","","","","Is...that what it was? Y-yes, it must have been...","","","",""
"","","","","","I'm sorry, what brings you here, Lissa? Was there something you needed?","","","",""
"","","","","","...Risen?! Oh gods, no!","","","",""
"","","","","","Chrom! There are Risen everywhere!","","","",""
"","","","","","No no no...","","","",""
"","","","","","Chrom! You can't trust him!","","","",""
"","","","","","That's right. Don't give up! There hast to be a way...","","","",""
"","","","","","Oh gods...","","","",""
"","","","","","Chrom, please!","","","",""
"","","","","","Chrom, is that all of them?","","","",""
"","","","","","Hmm...","","","",""
"","","","","","Their greatest strength is their cavalry, which puts us at a disadvantage...on land.","","","",""
"","","","","","But if we were to catch them at SEA...","","","",""
"","","","","","Plegia!","","","",""
"","","","","","Chrom, will you reconsider?","","","",""
"","","","","","Indeed.","","","",""
"","","","","","I know! He looks just like the assassin that came after Emmeryn...","","","",""
"","","","","","You know of me, sire?","","","",""
"","","","","","I know but... The resemblance... it's uncanny...","","","",""
"","","","","","Chrom? What should we do?","","","",""
"","","","","","...So you lead the people in worship? We were just discussing religion earlier...","","","",""
"","","","","","...I'm sorry, have I said something to offend you?","","","",""
"","","","","","...Huh? Beg pardon, were you talking to me?","","","",""
"","","","","","What?!","","","",""
"","","","","","He looks just like... me.","","","",""
"","","","","","She looks just like... me.","","","",""
"","","","","","It's no use. I can't sleep. Who was that man? How could he bear my same face?","","","",""
"","","","","","It's no use. I can't sleep. Who was that woman? How could she bear my same face?","","","",""
"","","","","","Huh? Who's there?! T-there's no one. I'm alone...","","","",""
"","","","","","Nngh... This voice is... in my head? Who are you?! What's happening?!","","","",""
"","","","","","V-Validar?","","","",""
"","","","","","You were... calling me... Augh! My head! Get out of my mind!","","","",""
"","","","","","...My what?","","","",""
"","","","","","No... Get... out...","","","",""
"","","","","","Nngh... Ahh... Ahh... I-I think so... Yes, Chrom, thank you. I'm... I'm fine.","","","",""
"","","","","","...King Validar, he... He spoke to me... in my mind. He said I was his... his son.","","","",""
"","","","","","...King Validar, he... He spoke to me... in my mind. He said I was his... his daughter.","","","",""
"","","","","","I don't know... But I also don't know it's a lie. Loath as I am to say it, I felt a... a strange connection, between us.","","","",""
"","","","","","I... I'm sorry, Chrom. I can't remember... But if I'm being honest... it would explain much... I'm not even sure I want to know the truth of my past anymore.","","","",""
"","","","","","...Thank you, Chrom.","","","",""
"","","","","","Yes... yes, I think so.","","","",""
"","","","","","Chrom, look out!","","","",""
"","","","","","It's just that... You two are out here alone, and Marth is... crying. This is how ill rumors are born. I trust you, Chrom, but is there a reason you and Marth need to be alone?","","","",""
"","","","","","Lucina?!","","","",""
"","","","","","...What?! Have you gone mad?!","","","",""
"","","","","","Ah! You have the Brand!","","","",""
"","","","","","Lucina's eye bears the exact same pattern...","","","",""
"","","","","","...No, no I can't say that I do. If this is Lucina, what has befallen our baby back at the palace?","","","",""
"","","","","","You mean... the future?","","","",""
"","","","","","...No. Impossible.","","","",""
"","","","","","She has the Brand!","","","",""
"","","","","","Your daughter's is the same pattern...","","","",""
"","","","","","...The future?","","","",""
"","","","","","But why? What happens in the future?!","","","",""
"","","","","","Chrom? ...Our whole company? All of us? Dead?!","","","",""
"","","","","","...I...I don't know what to say.","","","",""
"","","","","","My daughter...","","","",""
"","","","","","You have grown into such a strong and beautiful woman... Chrom and I are truly blessed.","","","",""
"","","","","","Of course not! I love you with all my heart!","","","",""
"","","","","","You are the finest daughter a woman could hope for, Lucina.","","","",""
"","","","","","Ah, take it all in! Breathtaking... Somehow our troubles feel a lifetime away out here.","","","",""
"","","","","","Nngh! Ah...","","","",""
"","","","","","M-my head... I don't... F-forgive me. I'm fine.","","","",""
"","","","","","Hmm... Perhaps he could.","","","",""
"","","","","","Hmm... Perhaps she could.","","","",""
"","","","","","Hmm... Unless we WANT our ships caught in the blaze...","","","",""
"","","","","","Chrom, I have an idea.","","","",""
"","","","","","But for my plan to work we'll need to disrupt their chain of command... Our strongest team would need to board their lead ship and kill their general.","","","",""
"","","","","","As our best captain I'd have you head the squad, but you ARE the prince, so...","","","",""
"","","","","","Then this plan truly stands a chance.","","","",""
"","","","","","...No, Chrom. Not destiny.","","","",""
"","","","","","We're not pawns of some scripted fate. I believe we're more. Much more.","","","",""
"","","","","","There's something between us all. Something that keeps us together...","","","",""
"","","","","","Like...invisible ties, connecting us. Giving us strength... WE forged these ties. WE strengthen them.","","","",""
"","","","","","If we preserve them, or break them, it will be by our choices, not some 'destiny'...","","","",""
"","","","","","All right, all right -- perhaps enough philosophy for one day... There are still details to discuss.","","","",""
"","","","","","The Resistance could unite around her. Where is the Voice being held?","","","",""
"","","","","","We owe you a great debt, milady.","","","",""
"","","","","","I do?","","","",""
"","","","","","But a man like Walhart will not roll over dead at the first sign of trouble...","","","",""
"","","","","","Divisions, are they? Hmm...","","","",""
"","","","","","If we could divide their divisions -- disrupt communications, supplies, et cetera... Then introduce misinformation to add to the confusion...a whisper here and there... The panic would spread on its own...and all the quicker for their great number. Such a giant force could collapse under its own weight.","","","",""
"","","","","","...Chrom?","","","",""
"","","","","","We need to leave here right away.","","","",""
"","","","","","When the other armies arrive, then we'll be trapped for a certainty. If we intend to escape, now is our best chance.","","","",""
"","","","","","By striking at either Walhart or Yen'fay before they join strength.","","","",""
"","","","","","I agree...which is why we attack both.","","","",""
"","","","","","...I didn't say by half. Chrom would lead our strongest troops against Yen'fay. Meanwhile, a smaller force could attack Walhart.","","","",""
"","","","","","...I didn't say we'd defeat him. We only need to distract him.","","","",""
"","","","","","This is no time for japes, Basilio. The stakes could not be higher.","","","",""
"","","","","","Godspeed, Basilio.","","","",""
"","","","","","We should hasten south to meet them, and distance ourselves from Walhart. This battle will be challenge enough without the Conqueror breathing down our backs.","","","",""
"","","","","","Hmm...","","","",""
"","","","","","Only if you're wondering how quickly we can reach the volcano.","","","",""
"","","","","","I'm saying your opportunistic former friends wouldn't dare risk following us. And we can use the flames as barriers, to limit how your brother's army approaches.","","","",""
"","","","","","WE'RE the Resistance now, and we've yet to lose a battle! Yen'fay would be proud. And he'd also want us to fight on...to make sure his sacrifice has meaning. And fight we will, Say'ri. Until this land is free.","","","",""
"","","","","","Retreated?!","","","",""
"","","","","","We have Basilio to thank for it. For all of it. His sacrifice made it all possible... If only there had been some other way...","","","",""
"","","","","","Hmm...","","","",""
"","","","","","And his soldiers... They look ready to die before they'd surrender. One must admire their loyalty, at least.","","","",""
"","","","","","He inspires that in SOME people.","","","",""
"","","","","","I know that face... Dueling with unpleasant thoughts, are we?","","","",""
"","","","","","Hey, remember when Lissa first brought me here? When I met all the Shepherds? And Sumia... Ha ha! Oh, what a day!","","","",""
"","","","","","Actually, that's my first memory, in a way.","","","",""
"","","","","","I know... So much needless bloodshed. So many days of pain and doubt and fighting... We would have never made it without you there to guide us, you know.","","","",""
"","","","","","I guess we really are two halves of the same whole.","","","",""
"","","","","","Psst! Chrom!","","","",""
"","","","","","I saw armed soldiers hiding in the shadows as we were shown in...","","","",""
"","","","","","Chrom, this way! Quickly!","","","",""
"","","","","","Nngh! Ahh...","","","",""
"","","","","","Nngh, no, I... Aarrrgh!","","","",""
"","","","","","Ah! Nngh...ahh... What have I done?!","","","",""
"","","","","","Chrom, I'm sorry! I don't know what came over me... I'm so sorry!","","","",""
"","","","","","...Understood.","","","",""
"","","","","","What I did... It's...it's unforgivable.","","","",""
"","","","","","No, I... You must leave me behind. He could use me again... I can't be trusted!","","","",""
"","","","","","This cursed blood in me must somehow give...my father...dominion over me...","","","",""
"","","","","","Chrom, you...you put too much faith in me.","","","",""
"","","","","","But you're not listening! I told you, I'm not--","","","",""
"","","","","","...Lucina. What is it?","","","",""
"","","","","","I see...","","","",""
"","","","","","I understand. You love him. ...We all do.","","","",""
"","","","","","Lucina?!","","","",""
"","","","","","What?! What madness is this?!","","","",""
"","","","","","No! That's insane! Why would I kill Chrom?","","","",""
"","","","","","Lucina, wait.","","","",""
"","","","","","Lucina, you don't have to--","","","",""
"","","","","","I do love Chrom, Lucina. But I cannot just let you kill me.","","","",""
"","","","","","...Very well. I forfeit my life.","","","",""
"","","","","","I do forgive you, Lucina. You needn't speak of it again.","","","",""
"","","","","","I understand. You love him. ...As do I","","","",""
"","","","","","...I love him as much as you, Lucina. But you ask too much.","","","",""
"","","","","","I would rather die than point a blade at my own daughter.","","","",""
"","","","","","Lucina, you and Chrom and I are family. And you only get one of those. We are going to stay together, and we are going to survive!","","","",""
"","","","","","Lucina?","","","",""
"","","","","","My poor girl... There's nothing to forgive.","","","",""
"","","","","","My life is yours. It always has been.","","","",""
"","","","","","I would give my life for Chrom. ...And for you.","","","",""
"","","","","","I know you will be quick about it. I love you, Lucina.","","","",""
"","","","","","...I'm ready. Do what you must.","","","",""
"","","","","","I love him as much as you, Lucina. But you ask too much.","","","",""
"","","","","","I would rather die than point at a blade at my own wife.","","","",""
"","","","","","Lucina, I love you beyond words. I would give my life for you, and gladly. But I would also give anything to be WITH you. Do you understand?","","","",""
"","","","","","Of course, my love. Of course.","","","",""
"","","","","","Just...promise me you'll find someone else who cares for you. Promise you won't be alone... I want you to be happy, Lucina. That's all I've ever wanted.","","","",""
"","","","","","Easy now. Easy. It's all right...","","","",""
"","","","","","I'll never understand minions like you and Excellus. No lives of your own... Living only to serve at the beck and call of your masters. Pathetic.","","","",""
"","","","","","Then you've confirmed my theory.","","","",""
"","","","","","Here I thought him the lowest form of slime imaginable, but you win handily...","","","",""
"","","","","","If we all stand on a great stage, I'll be happy to assist with your exit!","","","",""
"","","","","","Before I 'ripen'?","","","",""
"","","","","","Chrom, first I have a favor to ask...","","","",""
"","","","","","It's not...though I did consider it. I can't hurt you if I'm not there in the first place. But...I can't run from Validar forever. And if I'm going to overcome him, my best chance is with you by my side.","","","",""
"","","","","","But therein lies the favor... If Validar somehow does gain control over me... Promise me... Promise me you'll cut me down.","","","",""
"","","","","","I'll resist him with all that I am. I promise you. But there are other people involved here -- too many people to ignore... You have a duty to protect them as well.","","","",""
"","","","","","I'll try. You know I will.","","","",""
"","","","","","...Oh, gods. He means me.","","","",""
"","","","","","No! Never! I'll die first!","","","",""
"","","","","","...Wh-what?! I'm Grima? I'M the fell dragon?!","","","",""
"","","","","","N-no...","","","",""
"","","","","","Nngh...","","","",""
"","","","","","C-Chrom, I... I don't know.","","","",""
"","","","","","They're more than just words!","","","",""
"","","","","","My life did not begin with you. It began the day Chrom found me in that field. I have been all over this world, and I have helped change it -- for the better.","","","",""
"","","","","","I have fought and laughed and bled with my friends, and THAT is what matters!","","","",""
"","","","","","The ties we forged, the bonds we share -- they are of a power greater than Grima.","","","",""
"","","","","","We do agree on one thing: my life so far has all been in preparation for this moment... When I kill you or die trying!","","","",""
"","","","","","...Not your god -- not today.","","","",""
"","","","","","Let's do it. I'm ready to see what our true future has in store.","","","",""
"","","","","","You!","","","",""
"","","","","","What do you mean?!","","","",""
"","","","","","Another version of me? But how...?","","","",""
"","","","","","Th-the headaches... The voices... It was you!","","","",""
"","","","","","We are not yet the same?","","","",""
"","","","","","What?!","","","",""
"","","","","","What, you mean THIS Fire Emblem?","","","",""
"","","","","","I stole it from you once, remember? The least I could do was steal it back.","","","",""
"","","","","","Nngh... We must prepare for battle! Grima has sent servants here. I can sense it. They'll be on us soon!","","","",""
"","","","","","It can only put him back to sleep...","","","",""
"","","","","","So you know of my lineage?","","","",""
"","","","","","...I may know a way.","","","",""
"","","","","","The other me claimed the dragon and I were the same, yes? If I strike the final blow, he'd be killed by his own hand...","","","",""
"","","","","","...I realize that. I am ready.","","","",""
"","","","","","Chrom, wait. You're not thinking clearly. Think about what your sister would have wanted.","","","",""
"","","","","","What is one life, when weighed against millions?","","","",""
"","","","","","You have been so very kind to me, Chrom, always... But this is my decision.","","","",""
"","","","","","...You're right, Chrom. I'm sorry.","","","",""
"","","","","","As ready as I will ever be, Chrom. Let's finish this!","","","",""
"","","","","","We're not dead yet!","","","",""
"","","","","","No...","","","",""
"","","","","","...I...","","","",""
"","","","","","Do you think me a fool? You'll kill them anyway!","","","",""
"","","","","","Aaarrrrgh!","","","",""
"","","","","","Where am I?","","","",""
"","","","","","No... I won't let you!","","","",""
"","","","","","All right! I'll do as you wish! Just...let them live.","","","",""
"","","","","","First, let my friends go... You promised to spare them.","","","",""
"","","","","","You...","","","",""
"","","","","","No... I won't let you!","","","",""
"","","","","","So dark... A sea of black... I have...no final strategy... No cards left to play...","","","",""
"","","","","","He/She has...won... Ah... I c-can't see... I can't hear... I feel...nothing...","","","",""
"","","","","","...Huh?","","","",""
"","","","","","I...hear something... A voice...","","","",""
"","","","","","C-Chrom? Chrom! Chrom, I can hear you!","","","",""
"","","","","","I can hear them... I hear my friends!","","","",""
"","","","","","Chrom! I'm coming, Chrom! Hold on!","","","",""
"","","","","","For once, I'm glad you and I are the same. Now I can give my life to protect those I care for...","","","",""
"","","","","","I would and I will. The evils you would visit on this world are unthinkable... In some way, I -- we share the blame. It's only right we meet our end together!","","","",""
"","","","","","Thank you, Chrom. For...everything... Tell the others...my last thoughts were of them... May we meet again, in a better life...","","","",""
"","","","","","Huh? Oh... Hello, Chrom.","","","",""
"","","","","","How can I not question it? I could have ensured my bloodline never threatens us again. But instead...","","","",""
"","","","","","I'm just one man, Chrom.","","","",""